<?xml version="1.0"?><!DOCTYPE module PUBLIC
        "-//Puppy Crawl//DTD Check Configuration 1.3//EN"
        "http://www.puppycrawl.com/dtds/configuration_1_3.dtd">

<!--
    Checkstyle configuration that checks the Google coding conventions from Google Java Style
    that can be found at https://google.github.io/styleguide/javaguide.html.

    Checkstyle is very configurable. Be sure to read the documentation at
    http://checkstyle.sf.net (or in your downloaded distribution).

    To completely disable a check, just comment it out or delete it from the file.

    Authors: Max Vetrenko, Ruslan Diachenko, Roman Ivanov.
 -->

<module name="Checker">
    <!-- 编码格式：utf-8 -->
    <property name="charset" value="UTF-8"/>
    <!-- 严重级别 -->
    <property name="severity" value="error"/>
    <!-- 文件扩展名 -->
    <property name="fileExtensions" value="java, properties, xml"/>
    <!-- 检查文件中是否使用Tab字符 -->
    <module name="FileTabCharacter">
        <property name="severity" value="info"/>
        <property name="eachLine" value="true"/>
    </module>
    <!-- 检查文件的长度（行） default max=2500 -->
    <module name="FileLength">
        <property name="max" value="2500"/>
    </module>

    <!--suppressions.xml中可以定义对某些类不进行某项检查-->
    <!--<module name="SuppressionFilter">-->
        <!--<property name="file" value="${checkstyleConfigDir}/suppressions.xml"/>-->
        <!--<property name="optional" value="false"/>-->
    <!--</module>-->

    <module name="TreeWalker">
        <!-- 1.Source file basics -->
        <!--Checks that the outer type name and the file name match. For example, the class Foo must be in a file named Foo.java.
            检查类名是否跟外部的java文件一样 -->
        <module name="OuterTypeFilename"/>
        <!-- 非法标记文本 -->
        <module name="IllegalTokenText">
            <property name="severity" value="info"/>
            <property name="tokens" value="STRING_LITERAL, CHAR_LITERAL"/>
            <property name="format"
                      value="\\u00(08|09|0(a|A)|0(c|C)|0(d|D)|22|27|5(C|c))|\\(0(10|11|12|14|15|42|47)|134)"/>
            <property name="message" value="Avoid using corresponding octal or Unicode escape."/>
        </module>
        <!-- 避免使用Unicode字符
              allowEscapesForControlCharacters:允许非打印（控制）字符转义的使用
              allowByTailComment：允许使用转移字符如果注释存在
              allowNonPrintableEscapes: 是否允许使用打印字符-->
        <module name="AvoidEscapedUnicodeCharacters">
            <property name="severity" value="info"/>
            <property name="allowEscapesForControlCharacters" value="true"/>
            <property name="allowByTailComment" value="true"/>
            <property name="allowNonPrintableEscapes" value="true"/>
        </module>

        <!-- 2.Source file structure 源文件结构 -->
        <!--  检查空行分隔
            allowNoEmptyLineBetweenFields:允许字段间没有空行
            -->
        <module name="EmptyLineSeparator">
            <property name="severity" value="warning"/>
            <property name="allowNoEmptyLineBetweenFields" value="true"/>
        </module>
        <!--一行最多允许的字符数为100个-->
        <module name="LineLength">
            <property name="severity" value="warning"/>
            <property name="max" value="100"/>
            <property name="ignorePattern"
                      value="^package.*|^import.*|a href|href|http://|https://|ftp://|^//|^/*"/>
        </module>
        <!-- 检查选中的声明没有换行
            tokens： IMPORT, PACKAGE_DEF, CLASS_DEF, METHOD_DEF, CTOR_DEF, ENUM_DEF, INTERFACE_DEF.
        -->
        <module name="NoLineWrap"/>
        <!-- 自定义import排序-->
        <module name="CustomImportOrder">
            <property name="severity" value="warning"/>
            <property name="sortImportsInGroupAlphabetically" value="true"/>
            <property name="separateLineBetweenGroups" value="true"/>
            <property name="customImportOrderRules"
                value="STATIC###THIRD_PARTY_PACKAGE"/>
        </module>
        <!-- 必须导入类的完整路径，即不能使用*导入所需的类 -->
        <module name="AvoidStarImport"/>
        <!-- 检查是否从非法的包中导入了类 illegalPkgs: 定义非法的包名称-->
        <module name="IllegalImport"/> <!-- defaults to sun.* packages -->
        <!-- 检查是否导入了不必显示导入的类-->
        <module name="RedundantImport">
            <property name="severity" value="info"/>
        </module>
        <!-- 检查是否导入的包没有使用-->
        <module name="UnusedImports">
            <property name="severity" value="info"/>
        </module>
        <!-- 只有一个顶层类 -->
        <module name="OneTopLevelClass"/>
        <!-- Checks that overload methods are grouped together. 重载方法定义排序-->
        <module name="OverloadMethodsDeclarationOrder">
            <property name="severity" value="warning"/>
        </module>

        <!-- 3.Formatting 格式化-->
        <!-- NeedBraces 检查是否应该使用括号的地方没有加括号
         tokens: 定义检查的类型 -->
        <module name="NeedBraces">
            <property name="severity" value="warning"/>
        </module>
        <!--option: 定义左大括号'{'显示位置，eol在同一行显示，nl在下一行显示
          maxLineLength: 大括号'{'所在行行最多容纳的字符数
          tokens: 该属性适用的类型，例：CLASS_DEF,INTERFACE_DEF,METHOD_DEF,CTOR_DEF -->
        <module name="LeftCurly">
            <property name="severity" value="warning"/>
        </module>
        <!-- Checks the placement of right curly braces ('}') for  else, try, and catch tokens. The policy to verify is specified using property  option.
       option: 右大括号是否单独一行显示
       tokens: 定义检查的类型  -->
        <module name="RightCurly">
            <property name="severity" value="warning"/>
        </module>
        <module name="RightCurly">
            <property name="severity" value="warning"/>
            <property name="option" value="alone"/>
            <property name="tokens"
                      value="CLASS_DEF, METHOD_DEF, CTOR_DEF, LITERAL_FOR, STATIC_INIT, INSTANCE_INIT"/>
        </module>
        <!--     检查空块
              exmple: To configure the check for the text policy and only try blocks:-->
        <module name="EmptyBlock">
            <property name="severity" value="warning"/>
            <property name="option" value="text"/>
            <property name="tokens"
                value="LITERAL_TRY, LITERAL_FINALLY, LITERAL_IF, LITERAL_ELSE, LITERAL_SWITCH"/>
        </module>
        <!--检查空的catch块 -->
        <module name="EmptyCatchBlock">
            <property name="exceptionVariableName" value="expected"/>
        </module>
        <!-- 缩进 -->
        <module name="Indentation">
            <property name="severity" value="warning"/>
            <!-- 基础偏移 -->
            <property name="basicOffset" value="4"/>
            <property name="braceAdjustment" value="0"/>
            <!-- case缩进-->
            <property name="caseIndent" value="4"/>
            <!-- throws 缩进-->
            <property name="throwsIndent" value="4"/>
            <!-- 换行缩进 -->
            <property name="lineWrappingIndentation" value="4"/>
            <!-- 数组初始化缩进-->
            <property name="arrayInitIndent" value="4"/>
        </module>
        <!-- 检查每行是否只有一个语句 -->
        <module name="OneStatementPerLine"/>
        <!-- 检查操作符的空白规则 -->
        <module name="OperatorWrap">
            <property name="severity" value="warning"/>
            <property name="option" value="NL"/>
            <property name="tokens"
                value="BAND, BOR, BSR, BXOR, DIV, EQUAL, GE, GT, LAND, LE, LITERAL_INSTANCEOF, LOR, LT, MINUS, MOD, NOT_EQUAL, PLUS, QUESTION, SL, SR, STAR "/>
        </module>
        <!-- Checks line wrapping with separators. -->
        <module name="SeparatorWrap">
            <property name="severity" value="warning"/>
            <property name="tokens" value="DOT"/>
            <property name="option" value="nl"/>
        </module>
        <module name="SeparatorWrap">
            <property name="severity" value="warning"/>
            <property name="tokens" value="COMMA"/>
            <property name="option" value="EOL"/>
        </module>
        <module name="SeparatorWrap">
            <!-- ELLIPSIS is EOL until https://github.com/google/styleguide/issues/258 -->
            <property name="severity" value="warning"/>
            <property name="tokens" value="ELLIPSIS"/>
            <property name="option" value="EOL"/>
        </module>
        <module name="SeparatorWrap">
            <!-- ARRAY_DECLARATOR is EOL until https://github.com/google/styleguide/issues/259 -->
            <property name="severity" value="warning"/>
            <property name="tokens" value="ARRAY_DECLARATOR"/>
            <property name="option" value="EOL"/>
        </module>
        <module name="SeparatorWrap">
            <property name="severity" value="warning"/>
            <property name="tokens" value="METHOD_REF"/>
            <property name="option" value="nl"/>
        </module>
        <!-- 检查方法签名之前的空白-->
        <module name="MethodParamPad"/>
        <!-- 空白空间围绕
            allowEmptyConstructors：允许空的构造函数
            allowEmptyMethods: 允许空的方法
            allowEmptyTypes: 允许空的类型
            allowEmptyLoops: 允许空的循环
            -->
        <module name="WhitespaceAround">
            <property name="severity" value="warning"/>
            <property name="allowEmptyConstructors" value="true"/>
            <property name="allowEmptyMethods" value="true"/>
            <property name="allowEmptyTypes" value="true"/>
            <property name="allowEmptyLoops" value="true"/>
            <message key="ws.notFollowed"
                     value="WhitespaceAround: ''{0}'' is not followed by whitespace. Empty blocks may only be represented as '{}' when not part of a multi-block statement (4.1.3)"/>
            <message key="ws.notPreceded"
                     value="WhitespaceAround: ''{0}'' is not preceded with whitespace."/>
        </module>
        <module name="GenericWhitespace">
            <property name="severity" value="warning"/>
            <message key="ws.followed"
                value="GenericWhitespace ''{0}'' is followed by whitespace."/>
            <message key="ws.preceded"
                value="GenericWhitespace ''{0}'' is preceded with whitespace."/>
            <message key="ws.illegalFollow"
                value="GenericWhitespace ''{0}'' should followed by whitespace."/>
            <message key="ws.notPreceded"
                value="GenericWhitespace ''{0}'' is not preceded with whitespace."/>
        </module>
        <module name="NoWhitespaceBefore">
            <property name="severity" value="warning"/>
            <property name="tokens" value="COMMA, SEMI, POST_INC, POST_DEC, DOT, ELLIPSIS, METHOD_REF"/>
            <property name="allowLineBreaks" value="true"/>
        </module>
        <module name="ParenPad">
            <property name="severity" value="warning"/>
        </module>
        <!-- Checks that each variable declaration is in its own statement and on its own line 多个变量定义在一行 -->
        <module name="MultipleVariableDeclarations">
            <property name="severity" value="warning"/>
        </module>
        <!-- Checks the distance between declaration of variable and its first usage. 变量定义和第一次使用距离-->
        <module name="VariableDeclarationUsageDistance">
            <property name="severity" value="warning"/>
        </module>
        <!-- 检查数组的类型定义 -->
        <module name="ArrayTypeStyle">
            <property name="severity" value="warning"/>
        </module>
        <!--检查switch中case后是否加入了跳出语句，例如：return、break、throw、continue -->
        <module name="FallThrough">
            <property name="severity" value="warning"/>
        </module>
        <!-- 检查switch语句是否没有default语句 -->
        <module name="MissingSwitchDefault">
            <property name="severity" value="warning"/>
        </module>
        <!-- Check location of annotation on language elements.-->
        <module name="AnnotationLocation">
            <property name="severity" value="warning"/>
            <property name="tokens"
                value="CLASS_DEF, INTERFACE_DEF, ENUM_DEF, METHOD_DEF, CTOR_DEF"/>
        </module>
        <module name="AnnotationLocation">
            <property name="severity" value="warning"/>
            <property name="tokens" value="VARIABLE_DEF"/>
            <property name="allowSamelineMultipleAnnotations" value="true"/>
        </module>
        <!-- 注释缩进 -->
        <module name="CommentsIndentation">
            <property name="severity" value="info"/>
        </module>
        <!--
            Checks that the order of modifiers conforms to the suggestions in the Java Language specification, sections 8.1.1, 8.3.1 and 8.4.3. The correct order is:
            1. public
            2. protected
            3. private
            4. abstract
            5. static
            6. final
            7. transient
            8. volatile
            9. synchronized
            10. native
            11. strictfp
            检查定义排序
        -->
        <module name="ModifierOrder">
            <property name="severity" value="warning"/>
        </module>
        <!--  Checks that long constants are defined with an upper ell. That is ' L' and not 'l'. This is in accordance to the Java Language Specification,  Section 3.10.1.
          检查是否在long类型是否定义了大写的L.字母小写l和数字1（一）很相似。
          looks a lot like 1. -->
        <module name="UpperEll">
            <property name="severity" value="warning"/>
        </module>

        <!-- 4.Naming 命名-->
        <!-- 包命名 -->
        <module name="PackageName">
            <property name="severity" value="warning"/>
            <property name="format" value="^[a-z]+(\.[a-z][a-z0-9]*)*$"/>
            <message key="name.invalidPattern"
                     value="Package name ''{0}'' must match pattern ''{1}''."/>
        </module>
        <!-- 类型名 -->
        <module name="TypeName">
            <message key="name.invalidPattern"
                     value="Type name ''{0}'' must match pattern ''{1}''."/>
        </module>
        <!-- 方法名格式 -->
        <module name="MethodName">
            <property name="format" value="(^[a-z][a-zA-Z0-9]*$)"/>
            <message key="name.invalidPattern"
                value="Method name ''{0}'' must match pattern ''{1}''."/>
        </module>
        <!-- 成员变量命名 -->
        <module name="MemberName">
            <property name="format" value="(^[a-z_][a-zA-Z0-9]*$)"/>
            <message key="name.invalidPattern"
                     value="Member name ''{0}'' must match pattern ''{1}''."/>
        </module>
        <!-- constants (static,  final fields) -->
        <module name="ConstantName">
            <property name="format" value="(^[A-Z0-9_]*$)"/>
            <message key="name.invalidPattern"
                     value="Constant name ''{0}'' must match pattern ''{1}''."/>
        </module>
        <!-- 参数命名 -->
        <module name="ParameterName">
            <property name="format" value="(^[a-z][a-zA-Z0-9]{0,29}$)"/>
            <message key="name.invalidPattern"
                     value="Parameter name ''{0}'' must match pattern ''{1}''."/>
        </module>
        <!-- catch变量命名 -->
        <module name="CatchParameterName">
            <property name="format" value="(^[a-z][a-zA-Z0-9]{0,29}$)"/>
            <message key="name.invalidPattern"
                     value="Catch parameter name ''{0}'' must match pattern ''{1}''."/>
        </module>
        <!-- 本地变量命名 -->
        <module name="LocalVariableName">
            <property name="tokens" value="VARIABLE_DEF"/>
            <property name="format" value="(^[a-z][a-zA-Z0-9]*$)"/>
            <property name="allowOneCharVarInForLoop" value="true"/>
            <message key="name.invalidPattern"
                     value="Local variable name ''{0}'' must match pattern ''{1}''."/>
        </module>
        <!-- 检查类类型参数命名 -->
        <module name="ClassTypeParameterName">
            <property name="format" value="(^[A-Z][0-9]?)$|([A-Z][a-zA-Z0-9]*[T]$)"/>
            <message key="name.invalidPattern"
                     value="Class type name ''{0}'' must match pattern ''{1}''."/>
        </module>
        <!-- 检查方法类型参数命名 -->
        <module name="MethodTypeParameterName">
            <property name="format" value="(^[A-Z][0-9]?)$|([A-Z][a-zA-Z0-9]*[T]$)"/>
            <message key="name.invalidPattern"
                     value="Method type name ''{0}'' must match pattern ''{1}''."/>
        </module>
        <!-- 检查接口类型参数命名 -->
        <module name="InterfaceTypeParameterName">
            <property name="format" value="(^[A-Z][0-9]?)$|([A-Z][a-zA-Z0-9]*[T]$)"/>
            <message key="name.invalidPattern"
                     value="Interface type name ''{0}'' must match pattern ''{1}''."/>
        </module>
        <!-- The Check validate abbreviations(consecutive capital letters) length in identifier name, it also allows to enforce camel case naming.
                    不允许连续出现多个大写字母-->
        <module name="AbbreviationAsWordInName">
            <property name="severity" value="warning"/>
            <property name="ignoreFinal" value="false"/>
            <property name="allowedAbbreviationLength" value="1"/>
        </module>

        <!-- 5.Programming Practices 编程实践-->
        <module name="NoFinalizer"/>

        <!--6.Javadoc-->
        <!--Checks that the at-clause tag is followed by description @标签有非空说明-->
        <module name="NonEmptyAtclauseDescription">
            <property name="severity" value="warning"/>
        </module>
        <!--Checks the indentation of the continuation lines in at-clauses-->
        <module name="JavadocTagContinuationIndentation">
            <property name="severity" value="warning"/>
        </module>
        <!--  Checks that Javadoc summary sentence does not contain phrases that are not recommended to
          use.-->
        <!--这项检查有bug，导致检查终止-->
        <!--<module name="SummaryJavadoc">-->
            <!--<property name="severity" value="info"/>-->
            <!--<property name="forbiddenSummaryFragments"-->
                      <!--value="^@return the *|^This method returns |^A [{]@code [a-zA-Z0-9]+[}]( is a )"/>-->
        <!--</module>-->
        <!-- 检查段落的Javadoc-->
        <module name="JavadocParagraph" >
            <property name="severity" value="info"/>
        </module>
         <!--Checks the order of at-clauses.@标签排序 -->
        <module name="AtclauseOrder">
            <property name="severity" value="warning"/>
            <property name="tagOrder" value="@param, @return, @throws, @deprecated"/>
            <property name="target"
                      value="CLASS_DEF, INTERFACE_DEF, ENUM_DEF, METHOD_DEF, CTOR_DEF, VARIABLE_DEF"/>
        </module>
        <!-- 检查代码注释-->
        <!-- 检查类和接口的javadoc 默认不检查author 和version tags
          authorFormat: 检查author标签的格式
                versionFormat: 检查version标签的格式
                scope: 可以检查的类的范围，例如：public只能检查public修饰的类，private可以检查所有的类
                excludeScope: 不能检查的类的范围，例如：public，public的类将不被检查，但访问权限小于public的类仍然会检查，其他的权限以此类推
                tokens: 该属性适用的类型，例如：CLASS_DEF,INTERFACE_DEF -->
        <module name="JavadocType">
            <property name="severity" value="info"/>
            <!--<property name="authorFormat" value="\S"/>-->
            <property name="scope" value="protected"/>
            <property name="tokens" value="CLASS_DEF,INTERFACE_DEF"/>
        </module>
        <!-- 检查方法的javadoc的注释
            scope: 可以检查的方法的范围，例如：public只能检查public修饰的方法，private可以检查所有的方法
            allowMissingParamTags: 是否忽略对参数注释的检查
            allowMissingThrowsTags: 是否忽略对throws注释的检查
            allowMissingReturnTag: 是否忽略对return注释的检查 -->
        <module name="JavadocMethod">
            <property name="severity" value="info"/>
            <property name="scope" value="public"/>
            <property name="allowMissingParamTags" value="true"/>
            <property name="allowMissingThrowsTags" value="true"/>
            <property name="allowMissingReturnTag" value="true"/>
            <property name="minLineCount" value="2"/>
            <property name="allowedAnnotations" value="Override, Test"/>
            <property name="allowThrowsTagsForSubclasses" value="true"/>
            <!--允许get set 方法没有注释-->
            <property name="allowMissingPropertyJavadoc" value="true"/>
        </module>
        <!-- 单行Java注释-->
        <module name="SingleLineJavadoc">
            <property name="severity" value="info"/>
            <property name="ignoreInlineTags" value="false"/>
        </module>

    </module>
</module>